{"cameraMode":{"drawMode":0,"name":"Shaded","section":"Shading Mode"},"sceneLighting":false,"audioPlay":false,"sceneViewState":{"m_AlwaysRefresh":false,"showFog":false,"showSkybox":false,"showFlares":false,"showImageEffects":false,"showParticleSystems":false,"showVisualEffectGraphs":true,"m_FxEnabled":true},"in2DMode":false,"pivot":{"x":-1.1920928955078126e-7,"y":1.566431999206543,"z":-0.11529874801635742},"rotation":{"x":-0.00622953474521637,"y":-0.9793266654014587,"z":0.20044629275798798,"w":-0.029474962502717973},"size":2.641652822494507,"orthographic":false}