{"cameraMode":{"drawMode":0,"name":"Shaded","section":"Shading Mode"},"sceneLighting":false,"audioPlay":false,"sceneViewState":{"m_AlwaysRefresh":false,"showFog":true,"showSkybox":false,"showFlares":true,"showImageEffects":true,"showParticleSystems":true,"showVisualEffectGraphs":true,"m_FxEnabled":true},"in2DMode":false,"pivot":{"x":0.10292577743530274,"y":1.5059326887130738,"z":0.571058988571167},"rotation":{"x":0.07352044433355332,"y":-0.8940699100494385,"z":0.15934553742408753,"w":0.41216763854026797},"size":2.5159080028533937,"orthographic":false}