{"cameraMode":{"drawMode":0,"name":"Shaded","section":"Shading Mode"},"sceneLighting":false,"audioPlay":false,"sceneViewState":{"m_AlwaysRefresh":false,"showFog":true,"showSkybox":false,"showFlares":true,"showImageEffects":true,"showParticleSystems":true,"showVisualEffectGraphs":true,"m_FxEnabled":true},"in2DMode":false,"pivot":{"x":0.0008482933044433594,"y":1.7272015810012818,"z":0.3944684863090515},"rotation":{"x":0.03300889953970909,"y":-0.9574083089828491,"z":0.25973883271217348,"w":0.12234573811292649},"size":5.445586681365967,"orthographic":false}