{"cameraMode":{"drawMode":0,"name":"Shaded","section":"Shading Mode"},"sceneLighting":true,"audioPlay":false,"sceneViewState":{"m_AlwaysRefresh":false,"showFog":true,"showSkybox":true,"showFlares":true,"showImageEffects":true,"showParticleSystems":true,"showVisualEffectGraphs":true,"m_FxEnabled":true},"in2DMode":false,"pivot":{"x":0.18297165632247926,"y":1.5719153881072999,"z":-5.200119972229004},"rotation":{"x":-0.4988686144351959,"y":-0.008584595285356045,"z":0.004935066215693951,"w":-0.86664217710495},"size":13.321244239807129,"orthographic":false}