{"cameraMode":{"drawMode":0,"name":"Shaded","section":"Shading Mode"},"sceneLighting":false,"audioPlay":false,"sceneViewState":{"m_AlwaysRefresh":false,"showFog":true,"showSkybox":true,"showFlares":true,"showImageEffects":true,"showParticleSystems":true,"showVisualEffectGraphs":true,"m_FxEnabled":true},"in2DMode":false,"pivot":{"x":-16.490623474121095,"y":9.371957778930664,"z":-6.066314697265625},"rotation":{"x":0.45223575830459597,"y":0.16187772154808045,"z":-0.08386795222759247,"w":0.8731480240821838},"size":20.298078536987306,"orthographic":false}