{"cameraMode":{"drawMode":0,"name":"Shaded","section":"Shading Mode"},"sceneLighting":false,"audioPlay":false,"sceneViewState":{"m_AlwaysRefresh":false,"showFog":true,"showSkybox":true,"showFlares":true,"showImageEffects":true,"showParticleSystems":true,"showVisualEffectGraphs":true,"m_FxEnabled":true},"in2DMode":false,"pivot":{"x":18.721935272216798,"y":2.407529830932617,"z":-0.9716367721557617},"rotation":{"x":0.23863878846168519,"y":-0.44475340843200686,"z":0.12423814833164215,"w":0.8542904853820801},"size":34.04252243041992,"orthographic":false}