{"cameraMode":{"drawMode":0,"name":"Shaded","section":"Shading Mode"},"sceneLighting":false,"audioPlay":false,"sceneViewState":{"m_AlwaysRefresh":false,"showFog":true,"showSkybox":true,"showFlares":true,"showImageEffects":true,"showParticleSystems":true,"showVisualEffectGraphs":true,"m_FxEnabled":true},"in2DMode":false,"pivot":{"x":-19.074758529663087,"y":5.263215065002441,"z":5.88493013381958},"rotation":{"x":-0.49675101041793826,"y":0.01483768317848444,"z":-0.008476442657411099,"w":-0.8677987456321716},"size":16.708847045898439,"orthographic":false}