{"cameraMode":{"drawMode":0,"name":"Shaded","section":"Shading Mode"},"sceneLighting":false,"audioPlay":false,"sceneViewState":{"m_AlwaysRefresh":false,"showFog":true,"showSkybox":true,"showFlares":true,"showImageEffects":true,"showParticleSystems":true,"showVisualEffectGraphs":true,"m_FxEnabled":true},"in2DMode":false,"pivot":{"x":-0.5498476028442383,"y":0.6947624683380127,"z":-0.06566175818443299},"rotation":{"x":0.2158440202474594,"y":-0.6532574892044067,"z":0.2023034244775772,"w":0.6970070004463196},"size":20.490406036376954,"orthographic":false}