{"cameraMode":{"drawMode":0,"name":"Shaded","section":"Shading Mode"},"sceneLighting":false,"audioPlay":false,"sceneViewState":{"m_AlwaysRefresh":false,"showFog":true,"showSkybox":true,"showFlares":true,"showImageEffects":true,"showParticleSystems":true,"showVisualEffectGraphs":true,"m_FxEnabled":true},"in2DMode":false,"pivot":{"x":-1.0637418031692505,"y":-1.4787530899047852,"z":-0.12181377410888672},"rotation":{"x":0.5315289497375488,"y":-0.003821176942437887,"z":0.0023739119060337545,"w":0.8470523953437805},"size":12.933662414550782,"orthographic":false}