{"cameraMode":{"drawMode":0,"name":"Shaded","section":"Shading Mode"},"sceneLighting":false,"audioPlay":false,"sceneViewState":{"m_AlwaysRefresh":false,"showFog":true,"showSkybox":true,"showFlares":true,"showImageEffects":true,"showParticleSystems":true,"showVisualEffectGraphs":true,"m_FxEnabled":true},"in2DMode":false,"pivot":{"x":7.5645294189453129,"y":0.1053309440612793,"z":-116.4610366821289},"rotation":{"x":0.11719807237386704,"y":0.8814812898635864,"z":-0.2923614978790283,"w":0.35215070843696597},"size":3.8077144622802736,"orthographic":false}