{"cameraMode":{"drawMode":0,"name":"Shaded","section":"Shading Mode"},"sceneLighting":false,"audioPlay":false,"sceneViewState":{"m_AlwaysRefresh":false,"showFog":true,"showSkybox":true,"showFlares":true,"showImageEffects":true,"showParticleSystems":true,"showVisualEffectGraphs":true,"m_FxEnabled":true},"in2DMode":false,"pivot":{"x":-0.48927435278892519,"y":0.37832576036453249,"z":-7.975698471069336},"rotation":{"x":0.4849627614021301,"y":-0.015747835859656335,"z":0.008713671006262303,"w":0.874374270439148},"size":16.53643798828125,"orthographic":false}