{"cameraMode":{"drawMode":0,"name":"Shaded","section":"Shading Mode"},"sceneLighting":false,"audioPlay":false,"sceneViewState":{"m_AlwaysRefresh":false,"showFog":true,"showSkybox":false,"showFlares":true,"showImageEffects":true,"showParticleSystems":true,"showVisualEffectGraphs":true,"m_FxEnabled":true},"in2DMode":false,"pivot":{"x":2.2699999809265138,"y":1.3930000066757203,"z":-4.1579999923706059},"rotation":{"x":0.41649430990219118,"y":-0.1086745411157608,"z":0.05020918697118759,"w":0.9012377262115479},"size":0.12247441709041596,"orthographic":false}