{"cameraMode":{"drawMode":0,"name":"Shaded","section":"Shading Mode"},"sceneLighting":false,"audioPlay":false,"sceneViewState":{"m_AlwaysRefresh":false,"showFog":false,"showSkybox":false,"showFlares":false,"showImageEffects":false,"showParticleSystems":false,"showVisualEffectGraphs":true,"m_FxEnabled":true},"in2DMode":false,"pivot":{"x":-0.031581342220306399,"y":0.8029937744140625,"z":0.012216806411743164},"rotation":{"x":-0.016327477991580964,"y":-0.8173285126686096,"z":0.022618368268013,"w":-0.5756568312644959},"size":1.4702787399291993,"orthographic":false}