{"cameraMode":{"drawMode":0,"name":"Shaded","section":"Shading Mode"},"sceneLighting":false,"audioPlay":false,"sceneViewState":{"m_AlwaysRefresh":false,"showFog":true,"showSkybox":false,"showFlares":true,"showImageEffects":true,"showParticleSystems":true,"showVisualEffectGraphs":true,"m_FxEnabled":true},"in2DMode":false,"pivot":{"x":0.1076350212097168,"y":2.2400002479553224,"z":1.5458897352218629},"rotation":{"x":-0.018999410793185235,"y":0.6459991931915283,"z":-0.016087748110294343,"w":-0.7629337906837463},"size":2.970207452774048,"orthographic":false}