{"cameraMode":{"drawMode":0,"name":"Shaded","section":"Shading Mode"},"sceneLighting":false,"audioPlay":false,"sceneViewState":{"m_AlwaysRefresh":false,"showFog":true,"showSkybox":false,"showFlares":true,"showImageEffects":true,"showParticleSystems":true,"showVisualEffectGraphs":true,"m_FxEnabled":true},"in2DMode":false,"pivot":{"x":0.1076350212097168,"y":2.2400002479553224,"z":1.5458897352218629},"rotation":{"x":-0.11257627606391907,"y":0.6468893885612488,"z":-0.09736982733011246,"w":-0.7479181885719299},"size":2.970207452774048,"orthographic":false}